id,name,category,subcat,price
1,Knitted Infinity Scarf,Clothing - Accessories,Scarves,32.99
2,Walnut Halves,Food - Nuts,Nut Snacks,9.34
3,Ceramic Knife Set,Kitchen,Cutlery,43.99
4,Interchangeable Watch Bands,Accessories,Watches,27.49
5,Honey Mustard Dip,Food - Condiments,Dips & Spreads,3.62
6,Hand Mixer,Kitchen,Blenders & Juicers,32.99
7,Craft Beer Mustard,Food - Condiments,Mustards,4.39
8,Organic Almond Flour,Food - Baking,Flours & Meals,7.69
9,Yoga Blocks,Fitness,Yoga Equipment,32.99
11,Blueberry Oatmeal Cups,Food - Breakfast,Healthy Breakfast Options,3.62
12,Pepperoni Pizza Rolls,Food - Snacks,Savory Snacks,7.69
13,Honey Sesame Chicken Mix,Food - Frozen Meals,Frozen Asian Meals,9.89
14,Bluetooth Car Adapter,Automotive,Automotive Accessories,27.49
15,Asian Stir-Fry Vegetables,Food - Frozen Foods,Frozen Vegetables,3.29
16,Garlic Herb Marinade,Food - Marinades,Marinades,3.62
17,Sweet Potato Mash,Food - Frozen Foods,Frozen Vegetables,4.39
18,Portable Electric Fan,Home,Home Appliances,27.49
19,Red Lentils,Food - Grains,Legumes,2.19
20,Lockable Bicycle Chain,Outdoor,Cycling Accessories,21.99
21,Shower Curtain Hooks,Home,Home Organization,14.29
22,Orange Ginger Vinaigrette,Food - Condiments,Dressing,4.39
23,Interactive Robot Toy,Toys,Robotics Toys,38.49
24,Electric Ice Cream Maker,Kitchen,Cooking Appliances,65.99
25,Kettle Chip Variety Pack,Food - Snacks,Chips and Crisps,4.39
26,Portable Phone Charger,Accessories,Mobile Accessories,32.99
27,Lightweight Backpacking Tent,Outdoor,Camping Equipment,142.99
28,Egg Noodles,Food - Grains,Pasta,2.52
29,Canned Sardines,Food - Seafood,Canned Seafood,3.62
30,Classic Baseball Cap,Clothing - Accessories,Headwear,27.49
31,Honey Mustard Chicken Breasts,Food - Meat,Processed Meats,9.89
32,Vegetable Stir-Fry Sauce,Food - Sauces,Asian Sauces,3.84
33,Beef Stroganoff Mix,Food - Meal Kits,Pasta & Rice Mixes,6.04
34,Athletic Jogging Jacket,Clothing - Outerwear,Activewear Jackets,54.99
35,Honeycrisp Apples,Food - Produce,Fresh Fruits,2.08
36,Beard Grooming Kit,Grooming,Grooming,38.49
37,Wireless Game Controller,Gaming,Gaming Accessories,43.99
38,Baked Falafel,Food - Vegetarian,Snacks,6.04
39,Mediterranean Chickpea Bowl,Food - Prepared Foods,Plant-Based Meals,7.14
40,Stainless Steel Straws,Kitchen,Kitchen Accessories,14.29
41,Chocolate Chip Energy Balls,Food - Snacks,Healthy Snacks,4.39
42,Maple Almond Granola,Food - Breakfast,Granola/Cereal,6.04
43,Sliced Bread,Food - Bakery,Breads,3.29
44,Organic Almonds,Food - Nuts,Nut Snacks,9.89
45,Portable Speakers,Audio,Wireless Speakers,76.99
46,Oven-Baked Cheese Crisps,Food - Snacks,Savory Snacks,4.39
47,Cinnamon Roll Protein Bar,Food - Snacks,Protein Snacks,3.29
48,Sesame Oil,Food - Oils & Vinegars,Oils,4.39
49,Air Fryer,Kitchen,Small Appliances,87.99
50,Dog Car Seat Cover,Pets,Pet Safety Gear,43.99
51,Gluten-Free Pancake Mix,Food - Baking Goods,Baking Mixes,6.59
52,Mushrooms,Food - Produce,Fresh Mushrooms,3.29
53,Roasted Red Pepper Sauce,Food - Sauces,Vegetable-Based Sauces,3.62
54,Travel Shoe Bags Set,Travel,Travel Accessories,17.59
55,Fall-Themed Table Runner,Home,Seasonal Home Decor,21.99
56,Blackberry Compote,Food - Condiments,Fruit Spreads,5.82
57,Stylish Wide-Leg Trousers,Clothing - Bottoms,,65.99
58,Electrolyte Water Bottle,Fitness,Hydration Gear,38.49
59,Cranberry Almond Granola,Food - Breakfast,Granola/Cereal,4.72
60,Chiffon Blouse,Clothing - Shirts,Dress Shirts,43.99
62,Roasted Garlic Pasta Sauce,Food - Sauces,Pasta Sauces,5.49
63,Over-Ear Headphones,Audio,Headphones,65.99
64,Dog Training Collar,Pets,Training Supplies,43.99
65,Adjustable Kneeling Pad,Garden,Gardening Accessories,20.89
66,Portable Electric Fan,Home,Home Appliances,27.49
67,Chocolate Syrup,Food - Condiments,Syrups,3.29
68,Flavored Popcorn Mix,Food - Snacks,Gourmet Snacks,3.29
69,Window A/C Unit,Home Appliances,Cooling Appliances,329.99
70,Honey Glazed Carrots,Food - Produce,Prepared Vegetables,3.84
71,Lemon Dill Salmon,Food - Seafood,Prepared Seafood,10.99
72,Decorative LED Neon Sign,Home,Lighting & Lamps,50.59
73,Classic Cheeseburger Mix,Food - Meats,Ground Meats,6.04
74,Coconut Lime Rice,Food - Sides,Grains,3.29
75,Scent Diffuser,Home,Home Fragrance & Accessories,38.49
76,Kids' Craft Supplies Set,Toys,Creative Arts & Crafts,27.49
77,Wireless Charging Station,Electronics,Mobile Accessories,43.99
78,Throw Pillow Covers,Home,Decorative Wall Art & Accessories,25.29
79,Pet Carrier,Pets,Travel Accessories,43.99
80,Organic Blueberries,Food - Fruits,Berries,6.04
81,Artisan Pickles,Food - Condiments,Pickles,2.74
82,Kids' Dinosaur-Themed Lunchbox,Accessories,Kids' Bags,21.99
83,Cable Knit Cardigan,Clothing - Outerwear,Knitwear,54.99
84,Chipotle Sauce,Food - Condiments,Spicy Sauces,3.62
85,Guitar Tuner,Music,Accessories,21.99
86,Coffee Subscription Service,Food,Beverages,32.99
87,LED Desk Lamp with USB Charging Port,Office,Lighting,32.99
88,Spinach Feta Wraps,Food - Deli,Wraps/Rolls,4.72
89,Peach Mango Smoothie Mix,Food - Beverages,Smoothies,6.59
90,Crispy Onion Rings,Food - Frozen Foods,Frozen Appetizers,4.72
91,Graphic Tee,Clothing,T-shirts,21.99
92,Reflective Safety Vest,Safety,Personal Protective Equipment (PPE) & Disaster Preparedness,21.99
93,Lemon Lime Sparkling Water,Food - Beverages,Sparkling Beverages,2.19
94,Garlic Breadsticks,Food - Sides,Bread & Rolls,3.84
95,Automatic Pet Feeder,Pets,Pet Feeding Supplies,76.99
96,USB-C Hub,Computers,Accessories,43.99
97,Roasted Red Pepper Dip,Food - Snacks,Dips and Spreads,3.62
98,Chocolate Mint Cookies,Food - Baking,Cookies,2.52
99,Spaghetti Squash,Food - Produce,Vegetables,4.39
100,Portable Leaf Blower,Outdoor,Garden Supplies,164.99
101,Artisan Bread,Food - Bakery,Breads,5.05
102,Turkey Bacon,Food - Meat,Processed Meats,4.39
103,Buffalo Chicken Dip,Food - Dips,Spicy Dips,6.59
104,Wall-Mounted Spice Rack,Kitchen,Kitchen Storage & Organization,43.99
105,Multi-Purpose Marine Rope,Outdoor,Outdoor Recreation,21.99
106,Noise-Canceling Headphones,Audio,Headphones,131.99
107,Leather Crossbody Bag,Clothing - Bags,Handbags,98.99
108,Wireless HDMI Transmitter,Electronics,Audio & Video Accessories,87.99
109,Outdoor Fire Pit,Outdoor,Outdoor Accessories,164.99
110,Herb Garden Planter Box,Garden,Planters,54.99
111,Mediterranean Flatbread,Food - Bakery,Flatbreads,3.85
112,Smartphone UV Sanitizer,Health,Personal Care & Grooming,43.99
113,Frozen Fruit Medley,Food - Frozen Foods,Frozen Fruits,6.59
114,Multi-Purpose Plant Care Tool,Garden,Garden Tools,27.49
115,Pet Carrier,Pets,Travel Accessories,43.99
116,Pumpkin Spice Muffins,Food - Bakery,Seasonal Items,4.39
117,Sriracha Hot Chili Sauce,Food - Condiments,Hot Sauces,3.29
118,Smart LED Light Strip,Home,Smart Home & Security,32.99
119,Kids' Art Easel,Toys,Creative Toys,64.89
120,Coffee Grinder,Kitchen,Coffee Equipment,43.99
121,Vegetable Lentil Soup,Food - Canned Goods,Soups & Broths,3.84
122,3D Night Light,Home,Decorative Wall Art & Accessories,21.99
123,Emergency Preparedness Kit,Safety,Disaster Preparedness,109.99
124,Sweet Potato & Kale Hash,Food - Prepared Foods,Vegetarian Meals,6.04
125,Beef Taco Skillet,Food - Meal Kits,Mexican Cuisine Meal Kits,9.34
126,Taro Chips,Food - Snacks,Savory Snacks,3.95
127,Balsamic Vinaigrette,Food - Dressings,Dressings,2.96
128,Kids' Craft Supplies Set,Toys,Creative Arts & Crafts,27.49
129,Pet Hair Vacuum Cleaner Attachment,Pets,Grooming Supplies,16.49
130,Creamy Tomato Basil Soup,Food - Canned Goods,Soups & Broths,3.62
131,Non-Stick Crepe Pan,Kitchen,Cookware,32.99
132,Eco-Friendly Disposable Plates,Kitchen,Sustainable Tableware,25.29
133,Multi-Cooker,Kitchen,Cooking Appliances,98.99
134,Peach & Mango Salsa,Food - Snacks,Salsas and Dips,4.94
135,Smart Plant Monitor,Garden,Garden Technology,27.49
136,Glass Food Containers,Kitchen,Food Storage Solutions,38.49
137,Garden Tool Set,Garden,Garden Tools,38.49
138,Smart Water Bottle with Hydration Reminder,Fitness,Health & Wellness Tools,43.99
139,Cabbage,Food - Produce,Vegetables,1.42
140,Travel Size Toiletry Bottles,Travel,Travel Accessories,10.99
141,Chocolate Chip Cookie Dough,Food - Baking,Mixes,6.04
142,Weighted Jump Rope with Counter,Fitness,Cardio Equipment,16.49
143,Silicone Baking Cups,Kitchen,Baking Accessories,12.09
144,Shredded Cheese,Food - Dairy,Cheese,4.72
145,Digital Wireless Meat Thermometer,Kitchen,Cooking Tools & Utensils,43.99
146,Nutty Granola Clusters,Food - Cereal,Granola,2.74
147,Inflatable Pool Float,Outdoor,Outdoor Recreation,32.99
148,Roasted Garlic Pasta Sauce,Food - Sauces,Pasta Sauces,5.49
149,Mini Indoor Hydroponic Garden,Garden,Indoor Gardening Supplies,65.99
150,Kitchen Knife Sharpening System,Kitchen,Kitchen Gadgets,43.99
151,Classic Caesar Salad Kit,Food - Salads,Salad Kits,5.49
152,Apple Cinnamon Granola,Food - Breakfast,Granola & Muesli,4.94
153,Coffee Subscription Service,Food,Beverages,32.99
154,Classic Caesar Salad Kit,Food - Salads,Salad Kits,5.49
155,Bike Helmet,Bicycles,Accessories,38.49
156,Home Karaoke System,Audio,Karaoke Equipment,142.99
157,Pet Travel Bowl,Pets,Pet Accessories,12.09
158,Adjustable Laptop Stand,Office,Laptop Accessories,32.99
159,Nature Explorer Lens Kit,Toys,Outdoor Play Toys,21.99
160,Home Brewing Starter Kit,Food,Beverages,87.99
161,Portable Hammock with Stand,Outdoor,Camping Equipment,76.99
162,Wireless Smart Plug,Smart Home,Home Accessories,21.99
163,Electric Wine Opener,Kitchen,Barware,32.99
164,Insulated Lunch Bag,Kitchen,Food Storage Solutions,27.49
165,Home Delivery Food Journal,Health,Nutrition & Fitness,16.49
166,Pet Food Storage Container,Pets,Pet Accessories,27.49
167,Mechanical Pencil Set,Office,Writing Instruments,21.99
168,Bamboo Toothbrush,Health,Oral Care & Hygiene,6.59
169,Blueberry Chia Jam,Food - Spreads,Fruit Spreads,5.49
170,Coconut Chia Pudding,Food - Dairy,Dairy Alternatives,3.84
171,Applewood Smoked Bacon,Food - Meat,Pork,7.69
172,Bicycle Repair Kit,Outdoor,Cycling Accessories,16.49
173,Lemon Herb Grilled Chicken,Food - Meat,Marinated Poultry,10.99
174,Baked Potato Chips,Food - Snacks,Healthy Snacks,2.74
175,Ceramic Cookware Set,Kitchen,Cookware,197.99
176,Cinnamon Roll Kit,Food - Baking,Baking Kits,7.58
177,Cat Tree with Scratching Posts,Pets,Cat Furniture,87.99
178,Dried Mango Slices,Food - Snacks,Dried Fruits,3.84
179,Outdoor Mosquito Repellent Lantern,Outdoor,Garden Supplies,38.49
180,Wall-Mounted Wine Rack,Home,Wine Storage Solutions,43.99
181,Fitness Tracker Watch,Wearable Tech,Smartwatches,87.99
182,Cotton Pajama Set,Clothing - Loungewear,Sleepwear,54.99
183,Foam Building Blocks for Kids,Toys,Building Toys,25.29
184,Travel Mug,Kitchen,Drinkware,20.89
185,Dried Apricots,Food - Dried Fruits,Snacks,4.17
186,Granulated Sugar,Food - Baking,Baking Ingredients,2.74
187,Frozen Edamame,Food - Frozen Foods,Frozen Snacks,3.62
188,Savory Oatmeal Cups,Food - Breakfast,Savory Breakfast Options,2.19
189,Fashionable Belt Bag,Accessories,Bags,38.49
190,Educational STEM Kit,Toys,STEM Learning Toys,39.59
191,Smart Home Hub,Smart Home,Home Automation,109.99
192,Nutty Granola Clusters,Food - Cereal,Granola,2.74
193,Two-Tone Windbreaker,Clothing - Outerwear,Jackets,65.99
194,Wall Art Stickers,Home,Decorative Wall Art & Accessories,21.99
195,Lemon Herb Grilled Chicken,Food - Meat,Marinated Poultry,10.99
196,Frozen Burritos,Food - Frozen Foods,Frozen Entrees,9.89
197,Portable Hammock with Stand,Outdoor,Camping Equipment,76.99
198,Smartphone Tripod,Photography,Tripods & Accessories,32.99
199,Vintage Graphic Tee,Clothing - Tops,Graphic Tees,28.59
200,Reusable Silicone Food Storage Bags,Kitchen,Food Storage Solutions,21.99
201,Kids' Gardening Tools Set,Toys,Outdoor Play Toys,25.29
202,Cheddar Cheese Crackers,Food - Snacks,Savory Snacks,2.52
203,Cinnamon Rolls,Food - Bakery,Pastries,4.94
204,Cinnamon Roll Kit,Food - Baking,Baking Kits,7.58
205,Pepper Jack Cheese Slices,Food - Dairy,Cheese,3.84
206,Miso Soup Starter,Food - Soups,Specialty Soups,3.29
207,Fitness Tracker with Heart Rate Monitor,Fitness,Wearable Technology,65.99
208,Cheesy Broccoli Soup Mix,Food - Soups,Creamy Soups,3.29
209,Wrap Jumpsuit,Clothing - Jumpsuits,Jumpsuits,60.49
210,Smartphone Gimbal,Electronics,Camera Accessories,98.99
211,Multi-Purpose Plant Care Tool,Garden,Garden Tools,27.49
212,Mini Air Purifier,Health,Health Devices,54.99
213,Baked Falafel,Food - Vegetarian,Snacks,6.04
214,Streaming Device,Electronics,Home Entertainment Equipment,54.99
215,Almond Joy Munch Bars,Food - Snacks,Healthy Snacks,1.53
216,Collapsible Folding Chair,Outdoor,Camping Equipment,32.99
217,Home Office Chair,Furniture,Office Furniture,219.99
218,Handheld Garment Steamer,Home,Home Appliances,38.49
219,Roasted Garlic Butter,Food - Condiments,Flavored Butters,3.62
220,Lentil Soup,Food - Canned Goods,Soups & Broths,2.74
221,Apple Pie Filling,Food - Canned Goods,Canned Fruits,3.84
222,Thai Basil Fried Rice,Food - Frozen,Frozen Meals,6.59
223,Tomato Basil Soup,Food - Canned Goods,Soups & Broths,3.84
224,Savory Rice Cakes,Food - Snacks,Savory Snacks,2.75
225,Portable Electric Fan,Home,Home Appliances,27.49
226,Frozen Fruit Medley,Food - Frozen Foods,Frozen Fruits,6.59
227,Banana Peanut Butter Smoothie,Food - Frozen Foods,Frozen Smoothies,6.04
228,Ultraviolet Phone Sanitizer,Health,Health Devices,43.99
229,Coconut Chia Seed Pudding,Food - Snacks,Healthy Snacks,3.29
230,Fitness Foam Roller,Fitness,Recovery Tools,32.99
231,Pasta Portion Control Measure,Kitchen,Cooking Tools & Utensils,10.99
232,Sour Cream,Food - Dairy,Dairy Spreads,3.84
233,Pet Tracking Collar,Pets,Pet Accessories,65.99
234,Herbed Couscous,Food - Grains,Seasoned Grains,2.74
235,Running Shorts,Clothing - Activewear,Running Shorts,38.49
236,Satin Slip Dress,Clothing - Dresses,Evening Wear,65.99
237,Coconut Cashew Yogurt,Food - Dairy Alternatives,Plant-Based Yogurt,2.19
238,Grilled Vegetable Medley,Food - Vegetables,Vegetable Dishes,4.94
239,Puffer Winter Coat,Clothing - Outerwear,Coats,109.99
240,Coconut Cream,Food - Baking & Cooking,Baking Ingredients,3.29
241,Garden Vegetable Chips,Food - Snacks,Vegetable Snacks,3.84
242,Radish Chips,Food - Snacks,Savory Snacks,3.18
243,Adjustable Kitchen Broom Stand,Home,Kitchen Accessories,16.49
244,Ceramic Bakeware Set,Kitchen,Cookware,54.99
245,Electric Rice Cooker,Kitchen,Cooking Appliances,43.99
246,Set of Measuring Spoons,Kitchen,Kitchen Gadgets,14.29
247,Camping Lantern,Outdoor,Camping Equipment,38.49
248,Almond Joy Munch Bars,Food - Snacks,Healthy Snacks,1.53
249,Water Bottle with Built-in Fruit Infuser,Fitness,Fitness Accessories,20.89
250,Raspberry Lemonade Mix,Food - Beverages,Drink Mixes,4.39
251,Rechargeable Battery Organizer,Home,Home Organization,19.79
252,Tennis Racket,Fitness,Racquet Sports Equipment,98.99
253,Sweet and Sour Sauce,Food - Condiments,Sauces,3.07
254,Thermostatic Shower Valve Kit,Bathroom,Shower Fixtures,43.99
255,Mini Cordless Vacuum Cleaner,Home Appliances,Floor Care Appliances,50.59
256,Pomegranate Juice,Food - Beverages,Juice,4.94
257,Sweet Potato Mash,Food - Frozen Foods,Frozen Vegetables,4.39
258,Silicone Baking Cups,Kitchen,Baking Accessories,12.09
259,Travel Hair Straightener,Beauty,Hair Care Tools,32.99
260,Camping Chair with Cooler,Outdoor,Camping Equipment,54.99
261,Mango Sticky Rice Dessert,Food - Frozen Desserts,Asian Desserts,4.95
262,Wireless Game Controller,Gaming,Gaming Accessories,43.99
263,Leather Wallet,Accessories,Wallets,54.99
264,Mini Indoor Hydroponic Garden,Garden,Indoor Gardening Supplies,65.99
265,Sweet Chili Dipping Sauce,Food - Condiments,Dips,3.29
266,Smart Water Bottle,Fitness,Hydration Gear,43.99
267,Sun-Dried Tomatoes,Food - Vegetables,Vegetables,4.39
268,Outdoor Adventure Kit,Outdoor,Camping Equipment,98.99
269,Fitness Tracker Band,Fitness,Wearable Technology,32.99
270,Frozen Berry Blend,Food - Frozen Foods,Frozen Fruits,5.49
271,Classic Beef Chili,Food - Canned Goods,Soups & Broths,8.79
272,Flavored Popcorn Mix,Food - Snacks,Gourmet Snacks,3.29
273,Oven-Baked Chicken Tenders,Food - Meat,Poultry,7.69
274,Coconut Curry Sauce,Food - Sauces,Ethnic Sauces,4.28
275,Desk Lamp with USB Port,Office,Lighting,32.99
276,Gardening Gloves,Garden,Garden Tools,17.59
277,Crispy Chickpeas,Food - Snacks,Healthy Snacks,3.29
278,Electric Knife,Kitchen,Small Appliances,43.99
279,Noise-Canceling Headphones,Audio,Headphones,131.99
280,Electric Toothbrush Holder,Health,Oral Care & Hygiene,16.49
281,Fitness Balance Ball,Fitness,Fitness Equipment,27.49
282,Creamy Coleslaw Mix,Food - Produce,Condiments,2.63
283,Peach Mango Smoothie,Food - Beverages,Smoothies,3.84
284,Cold Brew Coffee Maker,Kitchen,Coffee Equipment,38.49
285,Wireless Charging Pad,Accessories,Mobile Accessories,21.99
286,Chipotle Black Bean Salad,Food - Salads,Bean Salads,3.62
287,Ginger Snaps,Food - Confectionery,Cookies & Biscuits,3.07
288,Chipotle Lime Salsa,Food - Condiments,Salsas,4.39
289,Travel Jewelry Organizer,Accessories,Jewelry Storage,21.99
290,Cinnamon Roll Dough,Food - Bakery,Frozen Baked Goods,4.94
291,Egg Noodles,Food - Grains,Pasta,2.52
292,Sweet and Sour Sauce,Food - Condiments,Sauces,3.07
293,Dog Training Collar,Pets,Training Supplies,43.99
294,Zucchini Noodles,Food - Vegetables,Pasta Alternatives,4.39
295,Juice Extractor,Kitchen,Blenders & Juicers,109.99
296,Smart Home Security Camera,Smart Home,Home Security,87.99
297,Frozen Spinach,Food - Frozen Foods,Frozen Vegetables,2.19
298,Pet Bed,Pets,Pet Accessories,43.99
299,Brussels Sprouts,Food - Produce,Vegetables,3.84
300,Protein Powder,Fitness,Nutritional Supplements,49.49
301,Chocolate Syrup,Food - Condiments,Syrups,3.29
302,Hiking Gaiters,Outdoor,Hiking Accessories,32.99
303,Artisan Cornbread Mix,Food - Baking,Mixes,2.74
304,Sweet Potato Mash,Food - Frozen Foods,Frozen Vegetables,4.39
305,Garlic and Herb Cream Cheese,Food - Dairy,Cheese Spreads,3.84
306,Car Diagnostic Scanner,Automotive,Automotive Tools,54.99
307,Bluetooth Car Adapter,Automotive,Automotive Accessories,27.49
308,Applewood Smoked Bacon,Food - Meat,Pork,7.69
309,LED Flashlight,Outdoor,Camping Equipment,21.99
310,Motorcycle Phone Mount,Automotive,Motorcycle Accessories,16.49
311,Coconut Cream Pie Yogurt,Food - Dairy Alternatives,Plant-Based Yogurt,2.19
312,Blender Bottle,Fitness,Hydration Gear,14.29
313,Sliced Ham,Food - Meat,Processed Meats,6.04
314,Ceramic Cookware Set,Kitchen,Cookware,197.99
315,Infrared Space Heater,Home Appliances,Heating Appliances,109.99
316,Creamy Spinach Dip,Food - Prepared Foods,Dips and Spreads,6.59
317,Peach & Mango Salsa,Food - Snacks,Salsas and Dips,4.94
318,Watercolor Paint Set,Art Supplies,Painting Supplies,21.99
319,Peanut Butter,Food - Condiments,Nut Butters,4.17
320,Solar Power Bank,Electronics,Portable Power Solutions,43.99
321,Sesame Ginger Dressing,Food - Condiments,Dressing,4.50
322,Frozen Berry Medley,Food - Frozen Foods,Frozen Fruits,6.04
323,Video Camera,Electronics,Cameras & Photography,218.90
324,Tandoori Chicken Skewers,Food - Meat,Marinated Meats,8.79
325,Coconut Milk Yogurt,Food - Dairy Alternatives,Plant-Based Yogurt,3.29
326,Sporty Slide Sandals,Clothing - Footwear,Casual Footwear,27.49
327,Wall Art Stickers,Home,Decorative Wall Art & Accessories,21.99
328,Pet Camera with Treat Dispenser,Pets,Pet Technology,164.99
329,High-Speed HDMI Cable,Electronics,Cables & Accessories,14.29
330,Spicy Hummus,Food - Deli,Dips/Spreads,3.84
331,Portable Hand Warmer,Accessories,Tech Accessories,27.49
332,Warm Wool Sweater,Clothing - Tops,Sweaters,65.99
333,Honey Garlic Sauce,Food - Sauces,Condiments,2.85
334,Sunglasses,Accessories,Eyewear,32.99
335,Feta Cheese,Food - Dairy,Cheese,5.49
336,Whole Grain Mustard,Food - Condiments,Mustards,3.84
337,Wireless Wi-Fi Extender,Electronics,Networking Equipment,54.99
338,Smartphone Projector Kit,Electronics,Home Entertainment Equipment,27.49
339,Chilli Lime Corn on the Cob,Food - Vegetable,Vegetable Snacks,2.19
340,Caribbean Jerk Marinade,Food - Marinades,Marinades,4.17
341,Knitted Infinity Scarf,Clothing - Accessories,Scarves,32.99
342,Pet Leash,Pets,Pet Accessories,17.59
343,Smartphone Camera Lens Kit,Photography,Camera Accessories,21.99
344,Whole Wheat Bread,Food - Bakery,Breads,2.74
345,Kettle Chip Variety Pack,Food - Snacks,Chips and Crisps,4.39
346,Fitness Jump Rope,Fitness,Cardio Equipment,17.59
347,Maxi Wrap Dress,Clothing - Dresses,Casual Dresses,54.99
348,Basil Lemonade,Food - Beverages,Herbal Beverages,3.29
349,Travel Orthopedic Pillow,Travel,Travel Accessories,27.49
350,Fitness Activity Journal,Fitness,Health & Wellness Tools,16.49
351,Pet Hair Removal Brush,Pets,Grooming Supplies,16.49
352,Traditional Hummus,Food - Dips,Mediterranean Dips,3.62
353,Elegant Maxi Skirt,Clothing - Bottoms,,49.49
354,Pasta Maker,Kitchen,Small Appliances,42.90
355,Pet Safety Harness,Pets,Pet Safety Gear,27.49
356,Zucchini Noodles,Food - Vegetables,Pasta Alternatives,4.39
357,Electric Food Steamer,Kitchen,Small Appliances,65.99
358,Coloring Books for Adults,Books,Arts & Crafts,16.49
359,Hydration Backpack,Outdoor,Outdoor Accessories,43.99
360,Over-The-Door Shoe Organizer,Home,Home Organization,28.59
361,Maple Bacon Popcorn,Food - Snacks,Savory Snacks,3.84
362,Hibiscus Tea Bags,Food - Beverages,Herbal Tea,4.17
363,Electric Knife,Kitchen,Small Appliances,43.99
364,Wrist Support Brace,Health,Injury Prevention & Recovery,21.99
365,Creamy Garlic Dressing,Food - Condiments,Dressing,4.39
366,Magnetic Spice Containers,Kitchen,Kitchen Storage & Organization,27.49
367,Mini Air Purifier,Health,Health Devices,54.99
368,Multi-Purpose Marine Rope,Outdoor,Outdoor Recreation,21.99
369,Lentil Vegetable Curry,Food - Prepared Meals,Vegetarian Meals,4.94
370,Handheld Garment Steamer,Home,Home Appliances,38.49
371,Nature Explorer Lens Kit,Toys,Outdoor Play Toys,21.99
372,Wooden Blocks,Toys,Building Toys,27.49
373,Pineapple Chunks (canned),Food - Fruits,Canned Fruits,2.52
374,Vegetable Spiralizer,Kitchen,Food Preparation Tools,21.99
375,First Aid Kit,Health,Emergency Preparedness & First Aid,32.99
376,Puffer Winter Coat,Clothing - Outerwear,Coats,109.99
377,Portable Air Pump,Outdoor,Camping Equipment,21.99
378,Garden Tool Set,Garden,Garden Tools,38.49
379,Savory Snack Mix,Food - Snacks,Savory Snacks,4.94
380,Smart Light Bulbs,Smart Home,Smart Lighting,38.49
381,LED Camping Lantern with USB Charging,Outdoor,Camping Equipment,38.49
382,Spinach Feta Wraps,Food - Deli,Wraps/Rolls,4.72
383,V-Neck Sweater,Clothing - Tops,Sweaters,54.99
384,Ultra-Thin Laptop Sleeve,Accessories,Laptop Accessories,21.99
385,Vegetable Lasagna,Food - Frozen Foods,Frozen Meals,7.69
386,Chicken Broth,Food - Canned Goods,Soups & Broths,2.74
387,Craft Beer Mustard,Food - Condiments,Mustards,4.39
388,Frozen Acai Bowl,Food - Frozen Foods,Frozen Smoothies,7.14
389,V-Neck Sweater,Clothing - Tops,Sweaters,54.99
390,Coconut Milk,Food - Canned Goods,Coconut Products,2.74
391,LED Table Lamp,Home,Lighting & Lamps,32.99
392,High-Speed Hand Blender,Kitchen,Blenders & Juicers,43.99
393,Non-Toxic Crayons for Kids,Toys,Art Supplies,12.09
394,Reusable Produce Bags Set,Kitchen,Eco-Friendly Kitchen Products,16.49
395,Wireless Earbuds,Audio,Earbuds,76.99
396,Organic Honeycrisp Apples,Food - Fruits,Apples,2.19
397,Kale & Quinoa Salad Mix,Food - Salads,Ready-to-Eat Salads,4.94
398,Dried Fruit Medley,Food - Snacks,Sweet Snacks,6.04
399,Cinnamon Apple Sauce,Food - Canned Goods,Sauces & Condiments,2.74
400,Spice Rack,Kitchen,Kitchen Storage & Organization,43.99
401,Multifunctional Baby Bottle Warmer,Baby,Feeding Accessories,43.99
402,Puzzle Game Set,Toys,Board Games,38.49
403,Frozen Hash Browns,Food - Frozen Foods,Frozen Potato Products,3.29
404,High-Top Leather Boots,Clothing - Footwear,Boots,109.99
405,Mini Meatballs,Food - Frozen Meals,Frozen Appetizers,6.59
406,Compressed Towel Tablets,Travel,Travel Accessories,14.29
407,Wooden Children's Play Kitchen,Toys,Pretend Play Toys,142.99
408,Hummus,Food - Snacks,Dips and Spreads,4.72
409,Chocolate Covered Pretzels,Food - Snacks,Savory Snacks,3.62
410,Reusable Snack Bags,Kitchen,Food Storage Solutions,16.49
411,Foldable Picnic Table,Outdoor,Outdoor Furniture,54.99
412,Peach Mango Smoothie Mix,Food - Beverages,Smoothies,6.59
413,Multi-Function Meat Tenderizer,Kitchen,Kitchen Gadgets,21.99
414,Savory Oats,Food - Breakfast,Savory Breakfast Options,2.74
415,Ceramic Knife Set,Kitchen,Cutlery,43.99
416,Wall-Mounted Spice Rack,Kitchen,Kitchen Storage & Organization,43.99
417,Instant Mashed Potatoes,Food - Sides,Potatoes,1.97
418,Magnetic Screen Door,Outdoor,Outdoor Accessories,27.49
419,Sweet Chili Sauce,Food - Condiments,Sauces,3.29
420,Peas (frozen),Food - Frozen Foods,Frozen Vegetables,2.08
421,Pet Grooming Kit,Pets,Grooming Supplies,43.99
422,Window Blinds,Home,Home Decor,65.99
423,Vegan Tacos,Food - Frozen Foods,Frozen Vegan Meals,8.24
424,Pet Grooming Brush,Pets,Grooming Supplies,21.99
425,Sketchbook,Art Supplies,Drawing Supplies,16.49
426,Crispy Potato Tots,Food - Frozen Foods,Frozen Snacks,4.06
427,Cat Tree with Scratching Posts,Pets,Cat Furniture,87.99
428,Portable Massage Table,Health,Massage Therapy,219.99
429,High-Waisted Skirt,Clothing - Bottoms,Bottoms,38.49
430,Portable Solar Camp Shower,Outdoor,Camping Equipment,32.99
431,Elegant Lace Dress,Clothing - Dresses,,87.99
432,Slim Wallet,Accessories,Wallets,27.49
433,Kitchen Knife Sharpening System,Kitchen,Kitchen Gadgets,43.99
434,Water Bottle with Built-in Fruit Infuser,Fitness,Fitness Accessories,20.89
435,Roasted Garlic,Food - Condiments,Garlic-Based Sauces,4.72
436,Blackberry Jam,Food - Condiments,Fruit Spreads,4.72
437,Adjustable Pedicure Footrest,Beauty,Nail Care,43.99
438,Tattoo Kit,Art Supplies,Tattoo Supplies,109.99
439,Pretzel Bites,Food - Snacks,Savory Snacks,5.49
440,Cat Scratching Post with Toys,Pets,Cat Furniture,49.49
441,Kids' Art Supplies Kit,Toys,Creative Arts & Crafts,32.99
442,Vegan Tacos,Food - Frozen Foods,Frozen Vegan Meals,8.24
443,Chili Powder,Food - Spices,Seasoning Blends,2.30
444,Saffron Rice Mix,Food - Grains,Rice Dishes,3.29
445,Honey Mustard Pretzel Bites,Food - Snacks,Savory Snacks,4.39
446,Paint By Numbers Kit,Art Supplies,Painting Kits,27.49
447,Garlic Butter Sauce,Food - Condiments,Sauces,3.95
448,Graphic Tee,Clothing,T-shirts,21.99
449,Fitness Smartwatch,Wearable Tech,Fitness Monitors,109.99
450,Electric Egg Cooker,Kitchen,Small Appliances,32.99
451,Sea Salt Caramel Brownie,Food - Bakery,Desserts,2.74
452,Herbal Tea Set,Food,Beverages,21.99
453,Smart Wi-Fi Light Bulbs,Smart Home,Smart Lighting,21.99
454,Veggie Lovers Pizza,Food - Frozen Foods,Frozen Pizza,9.89
455,Hiking Gaiters,Outdoor,Hiking Accessories,32.99
456,Recipe Book Stand,Kitchen,Kitchen Accessories,25.29
457,Scented Candle Set,Home,Home Fragrance & Accessories,27.49
458,Garlic Butter Shrimp,Food - Seafood,Frozen Seafood,9.89
459,Chocolate Hazelnut Granola,Food - Cereal,Granola,4.94
460,Pet Travel Backpack Carrier,Pets,Travel Accessories,54.99
461,Hot Dog Buns,Food - Bakery,Breads,2.74
462,Cranberry Almond Cookies,Food - Bakery,Cookies,4.72
463,Reusable Silicone Food Storage Bags,Kitchen,Food Storage Solutions,21.99
464,Personalized Cutting Board,Kitchen,Kitchen Accessories,38.49
465,Smartphone Projector Kit,Electronics,Home Entertainment Equipment,27.49
466,Leather Crossbody Bag,Clothing - Bags,Handbags,98.99
467,Savory Mushroom Risotto,Food - Gourmet Rice,Gourmet Rice,7.14
468,Canned Black Beans,Food - Canned Goods,Canned Legumes,1.42
469,Curried Lentil Salad,Food - Salads,Vegetarian Salads,4.72
470,Paprika,Food - Spices,Dried Spices,1.97
471,Electric Toothbrush,Health,Oral Care & Hygiene,54.95
472,Savory Trail Mix,Food - Snacks,Nuts and Trail Mix,4.72
473,Wireless Earbud Silicone Covers,Accessories,Tech Accessories,10.99
474,Harvest Grain Salad,Food - Salads,Grain Salads,6.04
475,Winter Insulated Jacket,Clothing,Outerwear,98.99
476,Satin Slip Dress,Clothing - Dresses,Evening Wear,65.99
477,Vegetable Lasagna,Food - Frozen Foods,Frozen Meals,7.69
478,Wooden Toy Train Set,Toys,Educational Toys,32.99
479,Trainers with Mesh Inserts,Clothing - Footwear,Athletic Footwear,76.99
480,Adjustable Laptop Desk,Office,Furniture,65.99
481,Pumpkin Spice Creamer,Food - Beverages,Coffee Creamers,4.17
482,Roasted Garlic Mashed Potatoes,Food - Frozen Foods,Frozen Vegetables,4.39
483,Pet Hair Vacuum Cleaner Attachment,Pets,Grooming Supplies,16.49
484,USB Desk Fan,Home,Home Appliances,16.49
485,Raspberry Tart,Food - Baked Goods,Pies and Tarts,6.04
486,Lemon Herb Chicken,Food - Meat,Marinated Poultry,8.24
487,Face Mask Set,Health,Personal Care & Grooming,21.99
488,Smartphone Tripod,Photography,Tripods & Accessories,32.99
489,Electric Hot Pot,Kitchen,Cookware,54.99
490,Lightweight Workout Tank,Clothing - Activewear,Tanks & Sleeveless Tops,32.99
491,Collapsible Colander,Kitchen,Cookware,16.49
492,Outdoor Adventure Kit,Outdoor,Camping Equipment,98.99
493,Smartphone Photography Ring Light,Photography,Lighting Equipment,32.99
494,Coffee Grinder,Kitchen,Coffee Equipment,43.99
495,Sushi Roll Kit,Food - Cooking Kits,Japanese Cooking Kits,10.99
496,Oven-Baked Sweet Potato Fries,Food - Frozen Foods,Frozen Vegetables,4.39
497,Magnetic Curtain Tiebacks,Home,Home Decor,14.29
498,Kale Caesar Salad Kit,Food - Salads,Meal Kits,6.59
499,Pet Travel Bowl,Pets,Pet Accessories,12.09
500,Tomato Paste,Food - Canned Goods,Sauces & Condiments,1.42
501,Electric Griddle,Kitchen,Cooking Appliances,60.49
502,Compact Umbrella,Accessories,Weather Accessories,14.29
503,Rustic Italian Bread,Food - Bakery,Breads,3.95
504,LED Flashing Pet Collar,Pets,Pet Accessories,16.49
505,Organic Granola Cereal,Food - Breakfast,Healthy Breakfast Options,6.59
506,Almond Flour Bread Mix,Food - Baking,Mixes,5.38
507,Utility Cargo Pants,Clothing - Pants,Work Pants,60.49
508,Almond Flour Brownies,Food - Baking,Mixes,6.59
509,Puffer Winter Coat,Clothing - Outerwear,Coats,109.99
510,Heavy Duty Gardening Tool Set,Garden,Garden Tools,54.99
511,BBQ Sauce,Food - Condiments,Sauces,3.84
512,Wireless Car Charger,Automotive,Phone Accessories,27.49
513,Cotton Quilted Throw Blanket,Home,Bedding & Linens,43.99
514,Ground Turkey,Food - Meat,Poultry,6.04
515,Wireless Charging Station,Electronics,Mobile Accessories,43.99
516,Stainless Steel Straws,Kitchen,Kitchen Accessories,14.29
517,Organic Granola Cereal,Food - Breakfast,Healthy Breakfast Options,6.59
518,Children's Backpack,Accessories,Kids' Bags,32.99
519,Honey Mustard Dip,Food - Condiments,Dips & Spreads,3.62
520,Baked Mac and Cheese,Food - Frozen Foods,Frozen Meals,6.59
521,Yoga Mat Carrier,Fitness,Yoga Equipment,14.29
522,Window Bird Feeder,Outdoor,Outdoor Accessories,21.99
523,Buffalo Stilton Cheese,Food - Cheese,Specialty Cheeses,9.89
524,Chili Lime Corn Chips,Food - Snacks,Savory Snacks,3.07
525,Striped Long Sleeve Shirt,Clothing - Shirts,Casual Shirts,32.99
526,Memory Foam Mattress Pad,Home,Bedding & Linens,76.99
527,Carrot and Celery Sticks,Food - Produce,Fresh Vegetables,3.29
528,Dark Chocolate Almond Butter Cups,Food - Snacks,Nut-Based Snacks,5.49
529,Tactical Backpack,Outdoor,Camping Equipment,65.99
530,Mini Fondue Set,Kitchen,Cooking Accessories,38.49
531,Grilled Veggie Burgers,Food - Meat Alternatives,Plant-Based Proteins,6.92
532,Waterproof Rain Boots,Clothing - Footwear,Rain Footwear,76.99
533,Stainless Steel BBQ Grill Set,Outdoor,Grilling Accessories,54.99
534,Basketball,Sports,Team Sports,32.99
535,Electric Fondue Pot,Kitchen,Small Appliances,43.99
536,Smart Thermostat,Smart Home,Home Automation,164.99
537,Luxury Bathrobe,Clothing,Loungewear,54.99
538,Blackberry Jam,Food - Condiments,Fruit Spreads,4.72
539,Travel Jewelry Organizer,Accessories,Jewelry Storage,21.99
540,Sour Cream,Food - Dairy,Dairy Spreads,3.84
541,Self-Inflating Camping Mattress,Outdoor,Camping Equipment,54.99
542,Asian Stir-Fry Vegetables,Food - Frozen Foods,Frozen Vegetables,3.29
543,Homemade Salsa,Food - Condiments,Salsas & Dips,4.17
544,Vegan Alfredo Sauce,Food - Sauces,Plant-Based Sauces,5.49
545,Chicken Sausage,Food - Meat,Poultry,7.69
546,Golf Polo Shirt,Clothing - Tops,Activewear,43.99
547,Chicken Salad Kit,Food - Prepared Foods,Salads,6.59
548,Organic Coconut Flour,Food - Baking,Baking Ingredients,6.04
549,Portable Solar Path Lights,Outdoor,Garden Supplies,43.99
550,Nature Explorer Lens Kit,Toys,Outdoor Play Toys,21.99
551,Chocolate Chip Energy Balls,Food - Snacks,Healthy Snacks,4.39
552,Crispy Chickpeas,Food - Snacks,Healthy Snacks,3.29
553,Spinach and Feta Wraps,Food - Prepared Foods,Wraps and Flatbreads,5.49
554,Chocolate Protein Powder,Food - Supplements,Supplements,27.49
555,Carrot and Celery Sticks,Food - Produce,Fresh Vegetables,3.29
556,Pet Grooming Glove,Pets,Grooming Supplies,14.29
557,Potato Wedge Seasoning,Food - Condiments,Seasoning Blends,2.74
558,Car Emergency Kit,Automotive,Safety and Emergency Supplies,54.99
559,Spinach and Ricotta Ravioli,Food - Pasta,Pasta,7.14
560,Car Vacuum,Automotive,Car Cleaning,54.99
561,Cream Cheese,Food - Dairy,Dairy Spreads,2.96
562,Wireless Earbuds Case,Accessories,Mobile Accessories,14.29
563,Mango Salsa,Food - Condiments,Salsas,3.84
564,Portable Air Compressor,Automotive,Automotive Tools,49.49
565,Noise-Canceling Headphones,Audio,Headphones,131.99
566,Over-the-Door Hooks,Home,Home Organization,14.29
567,Smartphone Hand Grip,Accessories,Mobile Accessories,10.99
568,Vanilla Protein Powder,Food - Health/Protein,Protein Supplements,27.49
569,Two-Tone Windbreaker,Clothing - Outerwear,Jackets,65.99
570,Luxury Memory Foam Mattress Topper,Home,Bedding & Linens,142.99
571,Italian Sausage and Peppers,Food - Meat,Prepared Meals,9.89
572,Sports Windbreaker,Clothing - Outerwear,Activewear Jackets,49.49
573,Suede Ankle Booties,Clothing - Footwear,Boots,87.99
574,Chocolate Raspberry Tart,Food - Bakery,Desserts,10.99
575,Organic Baby Carrots,Food - Fresh Produce,Vegetables,3.29
576,Smartphone Projector Kit,Electronics,Home Entertainment Equipment,27.49
577,Electric Wax Warmer,Home,Home Fragrance & Accessories,25.29
578,Compact Digital Camera,Photography,Digital Cameras,274.99
579,Wireless Keyboard and Mouse Combo,Electronics,Computer Accessories,38.49
580,Electric Air Pump,Outdoor,Inflation Equipment,32.99
581,Workstation Laptop Stand,Office,Laptop Accessories,54.99
582,Classic BBQ Sauce,Food - Condiments,BBQ Sauces,3.07
583,Buffalo Stilton Cheese,Food - Cheese,Specialty Cheeses,9.89
584,Sriracha Hot Chili Sauce,Food - Condiments,Hot Sauces,3.29
585,Vegetable Korma,Food - Frozen,Frozen Meals,7.14
586,Noise Cancelling Ear Muffs,Safety,Hearing Protection,27.49
587,Pasta Sauce Mix,Food - Sauces,Dry Sauces,1.42
588,Fishing Rod,Outdoor,Fishing Equipment,54.99
589,Smart Light Switch,Smart Home,Smart Lighting,32.99
590,Spice Rack,Kitchen,Kitchen Storage & Organization,43.99
591,Eco-Friendly Stainless Steel Straws,Kitchen,Kitchen Accessories,14.29
592,Tea Set with Infuser,Kitchen,Coffee Equipment,38.49
593,Floral Wrap Top,Clothing - Tops,Women's Tops,54.99
594,Hibiscus Herbal Tea,Food - Beverages,Herbal Tea,3.62
595,Italian Marinara Sauce,Food - Sauces,Pasta Sauces,3.62
596,Tandoori Chicken Skewers,Food - Meat,Marinated Meats,8.79
597,Scented Candle Set,Home,Home Fragrance & Accessories,27.49
598,Energy Protein Bars,Food - Snacks,Healthy Snacks,2.52
599,Silicone Cooking Utensils Set,Kitchen,Cooking Tools & Utensils,38.49
600,Free-Range Eggs,Food - Dairy,Eggs,4.39
601,Almond Crunch Granola Bars,Food - Snacks,Healthy Snacks,3.84
602,Honey Mustard Dip,Food - Condiments,Dips & Spreads,3.62
603,Almond Joy Protein Bars,Food - Snacks,Protein Snacks,2.19
604,Peach & Mango Salsa,Food - Snacks,Salsas and Dips,4.94
605,Whisk Set,Kitchen,Baking Accessories,14.29
606,Dried Apricots,Food - Dried Fruits,Snacks,4.17
607,Smart Thermostat,Smart Home,Home Automation,164.99
608,Almond Butter Granola Bars,Food - Snacks,Healthy Snacks,5.49
609,Portable Air Purifier,Health,Health Devices,76.99
610,Raspberry Limeade,Food - Beverages,Juice,2.19
611,Compost Bin,Garden,Garden Supplies,32.99
612,Ginger Snaps,Food - Confectionery,Cookies & Biscuits,3.07
613,Coconut Chips,Food - Snacks,Healthy Snacks,3.95
614,Asian Noodle Salad Kit,Food - Salads,Noodle Salads,5.49
615,Cucumber Relish,Food - Condiments,Pickles,3.73
616,Mini Air Hockey Table,Toys,Miniature Sports Games,43.99
617,Laptop Stand,Accessories,Laptop Accessories,32.99
618,Pecan Pie Filling,Food - Baking Goods,Desserts,4.39
619,Pet Caress Brush,Pets,Grooming Supplies,14.29
620,Oversized Denim Shirt,Clothing - Shirts,Casual Shirts,54.99
621,Vegetable Quinoa Bowl,Food - Frozen Meals,Frozen Grain Bowls,6.59
622,Organic Coconut Flakes,Food - Baking,Baking Ingredients,3.84
623,Vegetable and Cheese Quesadillas,Food - Frozen,Frozen Meals,7.69
624,Sun-Dried Tomatoes,Food - Vegetables,Vegetables,4.39
625,Decorative LED Neon Sign,Home,Lighting & Lamps,50.59
626,Phone Case,Accessories,Mobile Accessories,16.49
627,Vegetable Samosas,Food - Frozen,Frozen Snacks,5.49
628,Stainless Steel Cutlery Set,Kitchen,Cutlery,32.99
629,LED Desk Lamp with USB Charging,Office,Lighting,43.99
630,Handcrafted Wooden Jewelry Box,Accessories,Jewelry Storage,43.99
631,Cotton Quilted Throw Blanket,Home,Bedding & Linens,43.99
632,Sweet and Sour Sauce,Food - Condiments,Sauces,3.07
633,Fresh Strawberries,Food - Produce,Fruits,4.39
634,Ski Goggles,Sports,Snow Sports,54.99
635,Sliced Turkey Breast,Food - Deli Meats,Deli Meats,6.04
636,Luxury Yoga Mat,Fitness,Yoga Equipment,43.99
637,Inflatable Party Cooler,Outdoor,Outdoor Accessories,21.99
638,Utility Cargo Pants,Clothing - Pants,Work Pants,60.49
639,Sweet Potato Chips,Food - Snacks,Savory Snacks,3.29
640,Electric Stir Fry Pan,Kitchen,Cooking Appliances,54.99
641,Smartphone Tripod,Photography,Tripods & Accessories,32.99
642,Manual Coffee Grinder,Kitchen,Coffee Equipment,25.29
643,Portable Air Conditioner,Home Appliances,Cooling Appliances,329.99
644,Black Bean Spaghetti,Food - Pasta,Specialty Pasta,4.39
645,Blue Corn Tortilla Chips,Food - Snacks,Tortilla Chips,3.84
646,Coffee Capsule Dispenser,Kitchen,Coffee Accessories,27.49
647,Balsamic Vinaigrette,Food - Dressings,Dressings,2.96
648,Watercolor Paint Set,Art Supplies,Painting Supplies,21.99
649,Interactive Robot Toy,Toys,Robotics Toys,38.49
650,Chipotle Black Bean Salad,Food - Salads,Bean Salads,3.62
651,Caramel Sauce,Food - Condiments,Dessert Toppings,3.84
652,Almond Flour Pancake Mix,Food - Baking,Mixes,6.59
653,Organic Blueberries,Food - Fruits,Berries,6.04
654,Insulated Lunch Bag,Kitchen,Food Storage Solutions,27.49
655,Organic Baby Carrots,Food - Fresh Produce,Vegetables,3.29
656,LED Christmas Lights,Home,Seasonal Home Decor,32.99
657,Pet Reflective Vest,Pets,Pet Safety Gear,20.89
658,Brazil Nuts,Food - Nuts,Nuts,12.09
659,Vegan Caesar Dressing,Food - Condiments,Dressing,4.39
660,Cranberry Orange Juice,Food - Beverages,Juice,2.74
661,Pet Travel Bowl,Pets,Pet Accessories,12.09
662,Vegan Protein Powder,Health,Fitness & Nutrition,38.49
663,Rainbow Veggie Chips,Food - Snacks,Healthy Snacks,3.62
664,Sesame Seeds,Food - Baking,Baking Ingredients,2.19
665,Safety Goggles,Safety,Personal Protective Equipment (PPE) & Disaster Preparedness,16.49
666,Spicy Roasted Nuts,Food - Snacks,Savory Snacks,5.49
667,Olive Oil,Food - Condiments,Cooking Oils,8.79
668,Samsung Galaxy Smartwatch,Wearable Tech,Smartwatches,274.99
669,Sweetened Condensed Milk,Food - Baking Goods,Baking Ingredients,2.08
670,Halloween Decoration Set,Home,Seasonal Home Decor,32.99
671,Board Game,Toys,Tabletop Games,38.49
672,Feta Cheese Crumbles,Food - Dairy,Cheese,2.74
673,Carrot Ginger Soup,Food - Soups,Vegetarian Soups,4.72
674,Coconut Cream,Food - Baking & Cooking,Baking Ingredients,3.29
675,USB Wall Charger,Accessories,Power Accessories,21.99
676,Portable Laptop Table,Office,Laptop Accessories,43.99
677,Savory Italian Herbs,Food - Spices,Herb Blends,3.29
678,Portable Grill Cover,Outdoor,Grilling Accessories,27.49
679,Luxury Memory Foam Mattress Topper,Home,Bedding & Linens,142.99
680,Granulated Sugar,Food - Baking,Baking Ingredients,2.74
681,Travel Shoe Bags Set,Travel,Travel Accessories,17.59
682,Almond Butter Granola Bars,Food - Snacks,Healthy Snacks,5.49
683,Sweet Pea Hummus,Food - Dips,Vegetable Dips,4.72
684,Peach Mango Smoothie,Food - Beverages,Smoothies,3.84
685,Frozen Berry Blend,Food - Frozen Foods,Frozen Fruits,5.49
686,Apple Juice,Food - Beverages,Juice,3.62
687,Pineapple Chunks (canned),Food - Fruits,Canned Fruits,2.52
688,Portable Hammock,Outdoor,Camping Equipment,30.79
689,Wall Art Stickers,Home,Decorative Wall Art & Accessories,21.99
690,Personal Blender with Travel Lid,Kitchen,Blenders & Juicers,38.49
691,Ice Cream,Food - Frozen Foods,Frozen Desserts,6.59
692,Balsamic Glazed Brussels Sprouts,Food - Vegetables,Vegetables,5.49
693,Self-Inflating Camping Mattress,Outdoor,Camping Equipment,54.99
694,Smartphone Tripod with Remote,Photography,Tripods & Accessories,32.99
695,Children's Gardening Set,Toys,Outdoor Play Toys,21.99
696,Travel Mug with Leak-Proof Lid,Kitchen,Drinkware,27.49
697,Travel Pillow,Travel,Travel Accessories,25.29
698,Survival Gear Kit,Outdoor,Outdoor Accessories,65.99
699,Underwater Camera,Photography,Marine Photography Equipment,219.99
700,Garlic and Herb Cream Cheese,Food - Dairy,Cheese Spreads,3.84
701,Buffalo Chicken Dip,Food - Dips,Spicy Dips,6.59
702,Raspberry Lemonade Mix,Food - Beverages,Drink Mixes,4.39
703,Honey Mustard Dip,Food - Condiments,Dips & Spreads,3.62
704,Sliced Olives,Food - Condiments,Olives,2.19
705,Wooden Children's Play Kitchen,Toys,Pretend Play Toys,142.99
706,Cookbook,Books,Cookbooks & Nutrition,30.79
707,Crew Neck Sweater,Clothing - Sweaters,Sweaters,43.99
708,Insulated Lunch Bag,Kitchen,Food Storage Solutions,27.49
709,Apple Cinnamon Oatmeal,Food - Breakfast,Instant Breakfast,3.18
710,Yoga Mat Carrier,Fitness,Yoga Equipment,14.29
711,Herbal Tea Infuser,Kitchen,Coffee Equipment,10.99
712,Peach Fruit Cups,Food - Snacks,Sweet Snacks,2.19
713,Garlic Parmesan Roasted Potatoes,Food - Sides,Vegetable Sides,4.39
714,Portable Solar Charger,Electronics,Solar Power Accessories,32.99
715,Smartphone Gimbal Stabilizer,Photography,Gimbals & Stabilizers,98.99
716,Zucchini Noodles,Food - Vegetables,Pasta Alternatives,4.39
717,Acoustic Guitar,Music,Instruments,219.99
718,Plaid Flannel Shirt,Clothing - Tops,Shirts,32.99
719,Sliced Bell Peppers,Food - Fresh Produce,Vegetable Mixes,4.39
720,Mini Projector for Smartphones,Electronics,Portable Projectors,109.99
721,Almond Flour Pizza Crust,Food - Frozen Foods,Frozen Pizza Crusts,8.79
722,Vanilla Ice Cream,Food - Frozen Foods,Frozen Desserts,5.49
723,Juice Extractor,Kitchen,Blenders & Juicers,109.99
724,Hiking Gaiters,Outdoor,Hiking Accessories,32.99
725,Teriyaki Chicken Bowl,Food - Prepared Meals,Cuisine - Asian,7.14
726,LED Disco Ball Light,Home,Lighting & Lamps,21.99
727,Teriyaki Chicken Wings,Food - Frozen Food,Frozen Meals,12.09
728,Vegetable Potstickers,Food - Frozen Food,Frozen Meals,6.59
729,Salsa,Food - Condiments,Salsas & Dips,3.84
730,Jasmine Rice,Food - Grains,Rice,2.63
731,Electric Air Pump,Outdoor,Inflation Equipment,32.99
732,Garlic Breadsticks,Food - Sides,Bread & Rolls,3.84
733,Vegetable Potstickers,Food - Frozen Food,Frozen Meals,6.59
734,Lightweight Backpacking Tent,Outdoor,Camping Equipment,142.99
735,Mint Chocolate Chip Ice Cream,Food - Frozen Desserts,Ice Cream Flavors,5.49
736,Kids' Learning Tablet,Electronics,Tablets for Kids,142.99
737,Kid's Fruit Snacks,Food - Snacks,Sweet Snacks,2.74
738,Running Shorts,Clothing - Activewear,Running Shorts,38.49
739,Vintage Graphic Tee,Clothing - Tops,Graphic Tees,28.59
740,Portable Refrigerator Freezer,Outdoor,Camping Equipment,329.99
741,Wild Rice Pilaf,Food - Grains,Rice Dishes,4.17
742,Weighted Jump Rope with Counter,Fitness,Cardio Equipment,16.49
743,Pasta Maker,Kitchen,Small Appliances,42.90
744,Fitness Jump Rope with LCD Counter,Fitness,Cardio Equipment,17.59
745,Chicken Salad Kit,Food - Prepared Foods,Salads,6.59
746,Chopping Board,Kitchen,Cutting Boards & Utensils,32.99
747,Wire Shelving Unit,Home,Home Organization,76.99
748,Pecan Nuts,Food - Snacks,Nuts and Seeds,7.14
749,Fitbit Activity Tracker,Fitness,Wearable Technology,109.99
750,Digital Food Thermometer,Kitchen,Cooking Tools & Utensils,21.99
751,Nordic Berry Smoothie,Food - Frozen Foods,Frozen Fruit Smoothies,4.39
752,Adjustable Skipping Rope,Fitness,Cardio Equipment,14.29
753,Portable Leaf Blower,Outdoor,Garden Supplies,164.99
754,Flavored Instant Oatmeal,Food - Breakfast,Instant Breakfast,3.29
755,Cooking Utensil Set,Kitchen,Cooking Tools & Utensils,27.49
756,Fresh Basil,Food - Produce,Herbs,2.19
757,Mini Cordless Vacuum Cleaner,Home Appliances,Floor Care Appliances,50.59
758,Utility Cargo Pants,Clothing - Pants,Work Pants,60.49
759,Miso Soup Starter,Food - Soups,Specialty Soups,3.29
760,Organic Coconut Flour,Food - Baking,Baking Ingredients,6.04
761,Quinoa and Kale Salad Kit,Food - Salads,Meal Kits,5.82
762,Stainless Steel Cutlery Set,Kitchen,Cutlery,32.99
763,Kids Tablet,Electronics,Tablets for Kids,142.99
764,Fresh Cilantro,Food - Produce,Herbs & Spices,1.64
765,Strawberry Banana Smoothie Pack,Food - Frozen,Frozen Snacks,5.49
766,Grapes (red),Food - Produce,Fruits,3.84
767,Almond Flour Cookies,Food - Bakery,Gluten-Free Treats,5.49
768,Coconut Curry Lentils,Food - Canned Goods,Canned Vegetarian Meals,6.37
769,Apple Cinnamon Instant Oatmeal,Food - Cereal,Oatmeal,3.84
770,Smart LED Desk Lamp,Office,Lighting,43.99
771,Mini Projector,Electronics,Portable Audio & Video Equipment,186.99
772,Vegetable Sushi Rolls,Food - Prepared Meals,Healthy Snacks,6.59
773,Puzzle 3D Model Kit,Toys,Educational Toys,25.29
774,Balsamic Fig Dressing,Food - Condiments,Dressing,4.17
775,Adjustable Garden Rake,Garden,Garden Tools,25.29
776,Fitness Resistance Bands,Fitness,Strength Training Equipment,32.99
777,Smart Plant Monitor,Garden,Garden Technology,27.49
778,Luxury Bath Salts,Beauty,Bath & Body,21.99
779,Travel Yoga Mat,Fitness,Yoga Equipment,38.49
780,Cabbage Slaw Mix,Food - Vegetables,Salads,2.52
781,Memory Card,Storage,Storage Devices,17.59
782,Skincare Set,Beauty,Skincare,60.49
783,Pet Nail Clipper,Pets,Grooming Supplies,14.29
784,Backpacking Tent,Outdoor,Camping Equipment,120.99
785,Personal Blender with Cups,Kitchen,Blenders & Juicers,38.49
786,Wine Decanter,Home,Kitchen Accessories,38.49
787,Wall-Mounted Spice Rack,Kitchen,Kitchen Storage & Organization,43.99
788,Portable Jump Starter,Automotive,Automotive Accessories,65.99
789,Almond Butter Cookies,Food - Snacks,Nut-Based Snacks,4.94
790,Classic Black Dress,Clothing - Dresses,Evening Wear,87.99
791,Collapsible Pet Dog Bowl,Pets,Pet Accessories,10.99
792,Adjustable Kitchen Broom Stand,Home,Kitchen Accessories,16.49
793,Caramelized Onion Dip Mix,Food - Snacks,Dips and Spreads,2.52
794,Crafting Kit,Art Supplies,Craft Kits,32.99
795,Vegetable Pizza Rolls,Food - Frozen Foods,Frozen Snacks,7.14
796,Coconut Rice,Food - Frozen,Frozen Meals,2.52
797,Roasted Garlic Aioli,Food - Condiments,Dips,4.17
798,Electric Egg Cooker,Kitchen,Small Appliances,32.99
799,Vegetarian Chili,Food - Canned Goods,Soups & Broths,4.39
800,Cranberry Citrus Sauce,Food - Condiments,Fruit Sauces,4.39
801,Savory Trail Mix,Food - Snacks,Nuts and Trail Mix,4.72
802,Coffee Grinder,Kitchen,Coffee Equipment,43.99
803,Tandoori Chicken Marinade,Food - Condiments,Marinades and Sauces,2.74
804,LED Flashlight with Rechargeable Batteries,Outdoor,Camping Equipment,21.99
805,Foot Spa Bath Massager,Health,Personal Care & Grooming,65.99
806,Car Windshield Sun Shade,Automotive,Automotive Accessories,21.99
807,Set of Silicone Cooking Utensils,Kitchen,Cooking Tools & Utensils,32.99
808,Pineapple Coconut Rice Mix,Food - Grains,Rice Dishes,4.39
809,Frozen Hash Browns,Food - Frozen Foods,Frozen Potato Products,3.29
810,Chia Seeds,Food - Grains,Superfoods,7.69
811,Folding Exercise Bike,Fitness,Bikes & Cycling Equipment,219.99
812,Fitness Foam Roller,Fitness,Recovery Tools,32.99
813,Honey Almond Granola Bars,Food - Snacks,Healthy Snacks,4.39
814,Beard Grooming Kit,Grooming,Grooming,38.49
815,Athletic Compression Tights,Clothing - Activewear,Sports Apparel,43.99
816,Mini Cordless Vacuum Cleaner,Home Appliances,Floor Care Appliances,50.59
817,Travel Mug with Leak-Proof Lid,Kitchen,Drinkware,27.49
818,Streaming Device,Electronics,Home Entertainment Equipment,54.99
819,Heat-Resistant Silicone Mat,Kitchen,Baking Accessories,21.99
820,Body Wash,Beauty,Bath & Body,14.29
821,Home Brewing Starter Kit,Food,Beverages,87.99
822,LED Flashing Pet Collar,Pets,Pet Accessories,16.49
823,Grilled Vegetable Medley,Food - Vegetables,Vegetable Dishes,4.94
824,Chili Beans (canned),Food - Canned Goods,Canned Vegetables,1.86
825,Ice Pack,Health,Wellness & Relaxation,9.89
826,Lockable Bicycle Chain,Outdoor,Cycling Accessories,21.99
827,Sun-Dried Tomato Pesto,Food - Condiments,Pesto,4.94
828,Organic Coconut Water,Food - Beverages,Natural Beverages,3.07
829,Sesame Garlic Noodles,Food - Pasta,Asian Dishes,3.84
830,Mint Chocolate Chip Ice Cream,Food - Frozen Desserts,Ice Cream Flavors,5.49
831,Frozen Berry Medley,Food - Frozen Foods,Frozen Fruits,6.04
832,Sesame Noodles,Food - Grab-and-Go,Noodles,6.59
833,High-Speed HDMI Cable,Electronics,Cables & Accessories,14.29
834,Sweet Chili Thai Sauce,Food - Condiments,Sauces,3.84
835,Jasmine Rice,Food - Grains,Rice,2.63
836,Mediterranean Chickpea Bowl,Food - Prepared Foods,Plant-Based Meals,7.14
837,Turmeric Ginger Tea,Food - Beverages,Herbal Tea,3.62
838,Deluxe First Aid Kit,Health,Emergency Preparedness & First Aid,43.99
839,Athletic Sports Bra,Clothing - Activewear,Activewear Bras,27.49
840,Basic V-Neck T-Shirt,Clothing - Tops,T-Shirts,21.99
841,Grass Fed Beef Patties,Food - Meat,Grass-Fed Meat Products,10.99
842,Video Camera,Electronics,Cameras & Photography,218.90
843,Frozen Spinach,Food - Frozen Foods,Frozen Vegetables,2.19
844,Tuscan Bean Soup,Food - Canned Goods,Soups & Broths,2.74
845,Hummus Variety Pack,Food - Dairy,Dairy Alternatives,6.59
846,Beef Enchilada Casserole,Food - Prepared Meals,Casseroles,9.89
847,Pepper Jack Cheese Sticks,Food - Snacks,Savory Snacks,2.74
848,Folding Pocket Knife,Tools,Hand Tools,27.49
849,Self-Massaging Pillow,Health,Sleep & Relaxation,54.99
850,Pet Food Storage Container,Pets,Pet Accessories,27.49
851,Travel Makeup Organizer,Beauty,Makeup,28.59
852,Coloring Books for Adults,Books,Arts & Crafts,16.49
853,Smartphone UV Sanitizer,Health,Personal Care & Grooming,43.99
854,Sparkling Blood Orange Soda,Food - Beverages,Sparkling Beverages,2.19
855,Dish Soap Dispenser,Kitchen,Kitchen Accessories,20.89
856,Body Wash,Beauty,Bath & Body,14.29
857,Sriracha Chili Sauce,Food - Condiments,Hot Sauces,3.07
858,Coconut Oil,Food - Oils & Vinegars,Oils,7.14
859,Kale & Quinoa Salad Mix,Food - Salads,Ready-to-Eat Salads,4.94
860,Kettle BBQ Grill,Outdoor,Grills and Smokers,109.99
861,Bluetooth Shower Speaker,Audio,Portable Speakers,27.49
862,Digital Meat Thermometer,Kitchen,Cooking Tools & Utensils,27.49
863,Rechargeable Battery Organizer,Home,Home Organization,19.79
864,Vegetarian Chili,Food - Canned Goods,Soups & Broths,4.39
865,Stuffed Bell Peppers,Food - Frozen Meals,Frozen Vegetarian Meals,6.59
866,Chocolate Protein Powder,Food - Supplements,Supplements,27.49
867,Apple Pie Filling,Food - Canned Goods,Canned Fruits,3.84
868,Fleece Hoodie,Clothing - Outerwear,Hoodies,43.99
869,Chocolate Dipped Fruit,Food - Snacks,Sweet Snacks,6.59
870,Sesame Garlic Stir-Fry Sauce,Food - Sauces,Asian Sauces,3.07
871,Coconut Cashew Yogurt,Food - Dairy Alternatives,Plant-Based Yogurt,2.19
872,Sweet Potato Tots,Food - Frozen Foods,Frozen Snacks,4.72
873,Sous Vide Cooker,Kitchen,Cooking Appliances,87.99
874,Pet Hair Vacuum Attachment,Pets,Grooming Supplies,16.49
875,Sparkling Blood Orange Soda,Food - Beverages,Sparkling Beverages,2.19
876,Kids' Gardening Kit,Toys,Outdoor Play Toys,27.49
877,Elderberry Syrup,Food - Supplements,Supplements,13.19
878,Roasted Red Pepper Hummus,Food - Dips,Vegetable Dips,3.84
879,LED Christmas Lights,Home,Seasonal Home Decor,32.99
880,Spicy Tuna Rolls,Food - Seafood,Sushi,7.14
881,Silicone Baking Cups,Kitchen,Baking Accessories,12.09
882,Stainless Steel Grater,Kitchen,Kitchen Gadgets,16.49
883,High-Speed HDMI Cable,Electronics,Cables & Accessories,14.29
884,Vegan Mac & Cheese,Food - Frozen,Frozen Meals,9.89
885,Honeycrisp Apple Chips,Food - Snacks,Dried Fruits,3.84
886,Cranberry Almond Cookies,Food - Bakery,Cookies,4.72
887,Board Game,Toys,Tabletop Games,38.49
888,LED Camping Lantern with USB Charging,Outdoor,Camping Equipment,38.49
889,Potato Wedge Seasoning,Food - Condiments,Seasoning Blends,2.74
890,Tomato Sauce,Food - Canned Goods,Sauces & Condiments,3.07
891,Ranch Dressing,Food - Condiments,Dressing,2.85
892,Fire Roasted Salsa,Food - Condiments,Salsas,2.74
893,Grass Fed Beef Patties,Food - Meat,Grass-Fed Meat Products,10.99
894,Insulated Lunch Box,Kitchen,Food Storage Solutions,27.49
895,Creative Puzzle Game,Toys,Educational Toys,21.99
896,Chickpea Pasta,Food - Pasta,Specialty Pasta,4.61
897,Magic Color-Changing Mug,Kitchen,Drinkware,16.49
898,Italian Sausage and Peppers,Food - Meat,Prepared Meals,9.89
899,Wireless Game Controller,Gaming,Gaming Accessories,43.99
900,Sunflower Seeds,Food - Nuts,Seeds & Nuts,3.29
901,Electric Butter Churn,Kitchen,Small Appliances,54.99
902,High-Quality Yoga Block,Fitness,Yoga Equipment,14.29
903,Aged White Cheddar Popcorn,Food - Snacks,Gourmet Snacks,3.29
904,Kettle Corn Popcorn,Food - Snacks,Savory Snacks,3.29
905,Honey Almond Granola Bars,Food - Snacks,Healthy Snacks,4.39
906,Raspberry Tart,Food - Baked Goods,Pies and Tarts,6.04
907,Chocolate Chip Pancake Mix,Food - Bakery,Baking Mixes,4.39
908,LED Desk Light,Home,Lighting & Lamps,38.49
909,Apple Juice,Food - Beverages,Juice,3.62
910,Deluxe First Aid Kit,Health,Emergency Preparedness & First Aid,43.99
911,Travel Shoe Bags Set,Travel,Travel Accessories,17.59
912,Memory Foam Pillow,Home,Bedding & Linens,43.99
913,Smart Scale,Health,Fitness & Nutrition,65.99
914,Gaming Headset,Gaming,Gaming Accessories,76.99
915,Canned Sardines,Food - Seafood,Canned Seafood,3.62
916,Fire Roasted Salsa,Food - Condiments,Salsas,2.74
917,Heat-Resistant Silicone Mat,Kitchen,Baking Accessories,21.99
918,Frozen Acai Bowl,Food - Frozen Foods,Frozen Smoothies,7.14
919,Greek Yogurt Parfait,Food - Dairy,Yogurt,4.94
920,Portable Camping Stove,Outdoor,Camping Equipment,54.99
921,Smart Thermos,Fitness,Hydration Gear,43.99
922,Sunglasses,Accessories,Eyewear,32.99
923,Organic Apples,Food - Produce,Fruits,2.08
924,Sesame Garlic Noodles,Food - Pasta,Asian Dishes,3.84
925,Pressure Washer Accessories Kit,Home Improvement,Outdoor Cleaning,43.99
926,Sunglasses Case,Accessories,Eyewear,17.59
927,Vanilla Ice Cream,Food - Frozen Foods,Frozen Desserts,5.49
928,Wireless Charging Station,Electronics,Mobile Accessories,43.99
929,Premium Flashlight,Outdoor,Camping Equipment,21.99
930,Basil Tomato Soup,Food - Canned Soups,Soups,3.29
931,Organic Vanilla Bean Ice Cream,Food - Frozen Desserts,Ice Cream,6.59
932,Glass Tea Pot,Kitchen,Coffee Equipment,38.49
933,Electric Can Opener,Kitchen,Kitchen Gadget,32.99
934,Cotton Pajama Set,Clothing - Loungewear,Sleepwear,54.99
935,Kids' Art Easel,Toys,Creative Toys,64.89
936,Buffalo Cauliflower Wings,Food - Frozen Foods,Frozen Appetizers,7.69
937,Phone Screen Protector,Accessories,Mobile Accessories,14.29
938,Bamboo Utensil Set,Kitchen,Eco-Friendly Kitchen Products,16.49
939,Non-Stick Grill Mat,Outdoor,Grilling Accessories,21.99
940,Insulated Cooler,Outdoor,Camping Equipment,43.99
941,Wireless HDMI Transmitter,Electronics,Audio & Video Accessories,87.99
942,Compact Shoe Rack,Home,Home Furnishings,38.49
943,Eco-Friendly Yoga Mat,Fitness,Sustainable Fitness Equipment,43.99
944,Ceramic Bakeware Set,Kitchen,Cookware,54.99
945,Tailored Dress Pants,Clothing - Bottoms,Trousers,87.99
946,Chocolate Syrup,Food - Condiments,Syrups,3.29
947,Fleece Throw Blanket,Home,Bedding & Linens,32.99
948,Pumpkin Pie Spice,Food - Baking,Baking Ingredients,3.29
949,Personal Blender with Travel Lid,Kitchen,Blenders & Juicers,38.49
950,Brussels Sprouts,Food - Produce,Vegetables,3.84
951,Maple Bacon Potato Chips,Food - Snacks,Savory Snacks,3.18
952,Tattoo Kit,Art Supplies,Tattoo Supplies,109.99
953,Yoga Mat,Fitness,Yoga Equipment,27.50
954,Ground Cinnamon,Food - Spices,Herbs and Spices,2.19
955,Garam Masala Spice Blend,Food - Spices,Regional Seasoning Blends,3.07
956,Aeropress Coffee Maker,Kitchen,Coffee Equipment,32.99
957,Adjustable Laptop Desk,Office,Furniture,65.99
958,Basmati Rice,Food - Grains,Rice,6.37
959,Eco-Friendly Stainless Steel Straws,Kitchen,Kitchen Accessories,14.29
960,Feta Cheese Crumbles,Food - Dairy,Cheese,2.74
961,Shoe Organizer,Home,Home Organization,43.99
962,Dog Walking Waist Pack,Pets,Dog Accessories,21.99
963,Sriracha Sauce,Food - Condiments,Hot Sauces,3.51
964,Thai Peanut Dressing,Food - Condiments,Dressing,3.62
965,Almond Flour Pizza Crust,Food - Frozen Foods,Frozen Pizza Crusts,8.79
966,Garden Tool Set with Carrying Bag,Garden,Garden Tools,43.99
967,Collapsible Water Bottle,Fitness,Hydration Gear,14.29
968,Frozen Mixed Berries,Food - Frozen Foods,Frozen Fruits,6.59
969,Organic Spinach,Food - Produce,Leafy Greens,3.29
970,Fitness Tracker Band,Fitness,Wearable Technology,32.99
971,Folding Backpack Chair,Outdoor,Camping Equipment,54.99
972,Dark Chocolate Almond Butter Cups,Food - Snacks,Nut-Based Snacks,5.49
973,Maple Oatmeal,Food - Breakfast,Instant Breakfast,3.29
974,Stainless Steel Mixing Bowls,Kitchen,Cookware,32.99
975,Electric Wax Warmer,Home,Home Fragrance & Accessories,25.29
976,Chipotle Black Bean Salad,Food - Salads,Bean Salads,3.62
977,Vegetable Broth,Food - Canned Goods,Soups & Broths,2.52
978,Portable USB-C Monitor,Electronics,Computer Accessories,219.99
979,Comfort Flats,Clothing - Shoes,Casual Footwear,49.49
980,DIY Candle Kit,Crafts,Candle & Soap Making Supplies,38.49
981,Protein Pancake Mix,Food - Breakfast,Pancakes & Waffles,4.39
982,Green Tea Matcha Powder,Food - Beverages,Tea,17.59
983,Cinnamon Sugar Popcorn,Food - Snacks,Savory Snacks,3.18
984,Chocolate Chip Pancake Mix,Food - Bakery,Baking Mixes,4.39
985,Oven-Baked Sweet Potato Fries,Food - Frozen Foods,Frozen Vegetables,4.39
986,Wall Calendar,Home,Decorative Wall Art & Accessories,19.79
987,Mini Projector,Electronics,Portable Audio & Video Equipment,186.99
988,Freestanding Wine Rack,Home,Home Organization,87.99
989,Kids' Activity Book,Books,Children's Educational Books,16.49
990,Shatterproof Wine Glasses,Outdoor,Outdoor Accessories,27.49
991,Peach Green Tea,Food - Beverages,Tea,3.84
992,Leather Notebook Cover,Office,Office Accessories,32.99
993,Self-Watering Planters,Garden,Planters,54.99
994,Artisan Bread Loaf,Food - Bakery,Breads,4.39
995,Suction Cup Hooks,Home,Home Organization,10.99
996,Smart LED Desk Lamp,Office,Lighting,43.99
997,Children's Art Set,Toys,Creative Toys,38.49
998,Cinnamon Roll Protein Bar,Food - Snacks,Protein Snacks,3.29
999,Oven Thermometer,Kitchen,Cooking Tools & Utensils,13.19
1000,Athletic Jogging Jacket,Clothing - Outerwear,Activewear Jackets,54.99
